codeDepartement,rentreeScolaire,tauxChomage
001,2023,"5,7"
002,2023,"10,7"
003,2023,8
004,2023,"8,2"
006,2023,"7,2"
007,2023,"8,1"
008,2023,"9,9"
009,2023,"9,5"
010,2023,"9,8"
011,2023,"10,4"
012,2023,"5,8"
067,2023,"6,5"
013,2023,"8,7"
014,2023,"6,6"
015,2023,"4,3"
016,2023,"7,2"
017,2023,7
018,2023,"7,3"
019,2023,"6,1"
02A,2023,"6,1"
021,2023,"5,8"
022,2023,"6,4"
023,2023,"7,3"
079,2023,"5,4"
024,2023,"7,3"
025,2023,"6,7"
026,2023,"8,2"
091,2023,"6,6"
027,2023,"7,2"
028,2023,7
029,2023,"6,3"
030,2023,"10,2"
032,2023,"5,7"
033,2023,"6,7"
971,2023,"19,3"
973,2023,"16,3"
02B,2023,7
031,2023,"7,5"
043,2023,"5,7"
052,2023,"6,6"
005,2023,"6,6"
070,2023,"6,6"
074,2023,"5,6"
065,2023,"7,9"
087,2023,"6,6"
068,2023,"7,2"
092,2023,"6,1"
034,2023,"10,4"
035,2023,"5,8"
036,2023,"7,1"
037,2023,"6,7"
038,2023,"6,1"
039,2023,"5,3"
974,2023,"18,7"
040,2023,"6,9"
042,2023,"7,6"
044,2023,"5,6"
045,2023,"7,4"
041,2023,"6,1"
046,2023,"7,4"
047,2023,"7,4"
048,2023,"4,8"
049,2023,"6,4"
050,2023,"5,3"
051,2023,"7,4"
972,2023,"10,3"
053,2023,"4,8"
054,2023,"7,1"
055,2023,"7,4"
056,2023,6
057,2023,"7,3"
058,2023,"6,8"
059,2023,"9,9"
060,2023,"7,6"
061,2023,"6,8"
075,2023,"5,9"
062,2023,"8,7"
063,2023,"6,6"
064,2023,"5,8"
066,2023,"12,4"
069,2023,"6,6"
071,2023,"6,7"
072,2023,"7,2"
073,2023,"5,4"
077,2023,"6,9"
076,2023,8
093,2023,"10,6"
080,2023,"8,8"
081,2023,8
082,2023,"8,7"
090,2023,"8,5"
094,2023,"7,4"
095,2023,"8,3"
083,2023,"7,4"
084,2023,"9,9"
085,2023,"5,3"
086,2023,"6,2"
088,2023,"7,9"
089,2023,"7,2"
078,2023,"6,6"
001,2022,"5,4"
002,2022,"10,2"
003,2022,"7,5"
004,2022,"8,1"
006,2022,"7,2"
007,2022,"7,9"
008,2022,"9,3"
009,2022,"9,4"
010,2022,"9,4"
011,2022,"10,0"
012,2022,"5,6"
067,2022,"6,1"
013,2022,"8,6"
014,2022,"6,3"
015,2022,"4,0"
016,2022,"6,7"
017,2022,"6,7"
018,2022,"7,4"
019,2022,"6,0"
02A,2022,"5,7"
021,2022,"5,6"
022,2022,"6,2"
023,2022,"6,8"
079,2022,"5,1"
024,2022,"7,1"
025,2022,"6,3"
026,2022,"7,7"
091,2022,"6,3"
027,2022,"6,8"
028,2022,"6,6"
029,2022,"6,1"
030,2022,"9,8"
032,2022,"5,6"
033,2022,"6,4"
971,2022,"19,3"
973,2022,"10,9"
068,2022,"6,7"
02B,2022,"6,4"
031,2022,"7,2"
043,2022,"5,5"
052,2022,"6,3"
070,2022,"6,2"
074,2022,"5,2"
087,2022,"6,4"
005,2022,"6,6"
065,2022,"7,7"
092,2022,"5,8"
034,2022,"9,9"
035,2022,"5,4"
036,2022,"7,0"
037,2022,"6,4"
038,2022,"5,8"
039,2022,"5,2"
974,2022,"17,1"
040,2022,"6,8"
041,2022,"5,9"
042,2022,"7,1"
044,2022,"5,5"
045,2022,"6,9"
046,2022,"7,3"
047,2022,"7,3"
048,2022,"4,6"
049,2022,"6,3"
050,2022,"5,1"
051,2022,"7,1"
972,2022,"10,2"
053,2022,"4,9"
054,2022,"6,9"
055,2022,"7,2"
056,2022,"5,6"
057,2022,"7,0"
058,2022,"6,7"
059,2022,"9,2"
060,2022,"7,2"
061,2022,"6,4"
075,2022,"5,6"
062,2022,"8,1"
063,2022,"6,2"
064,2022,"5,6"
066,2022,"11,7"
069,2022,"6,2"
071,2022,"6,4"
072,2022,"6,8"
073,2022,"5,1"
077,2022,"6,7"
076,2022,"7,5"
093,2022,"10,1"
080,2022,"8,6"
081,2022,"7,7"
082,2022,"8,6"
090,2022,"8,1"
095,2022,"8,0"
094,2022,"7,1"
083,2022,"7,2"
084,2022,"9,5"
085,2022,"5,1"
086,2022,"5,8"
088,2022,"7,4"
089,2022,"6,7"
078,2022,"6,4"
001,2021,"5,6"
002,2021,"10,6"
003,2021,"7,8"
004,2021,"8,3"
006,2021,"7,9"
007,2021,"8,2"
008,2021,"9,4"
009,2021,"9,3"
010,2021,"9,6"
011,2021,"10,3"
012,2021,"5,7"
067,2021,"6,4"
013,2021,"8,9"
014,2021,"6,6"
015,2021,"4,0"
016,2021,"7,0"
017,2021,"7,2"
018,2021,"7,4"
019,2021,"6,1"
02A,2021,"6,0"
021,2021,"5,5"
022,2021,"6,4"
023,2021,"7,0"
079,2021,"5,4"
024,2021,"7,2"
025,2021,"6,9"
026,2021,"8,0"
091,2021,"6,4"
027,2021,"7,4"
028,2021,"6,7"
029,2021,"6,3"
030,2021,"10,1"
032,2021,"5,8"
033,2021,"6,8"
971,2021,"15,5"
973,2021,"14,2"
068,2021,"7,3"
02B,2021,"6,5"
031,2021,"7,7"
043,2021,"5,7"
052,2021,"6,3"
070,2021,"6,4"
074,2021,"5,8"
087,2021,"6,6"
005,2021,"6,9"
065,2021,"7,9"
092,2021,"6,2"
034,2021,"10,3"
035,2021,"5,4"
036,2021,"7,1"
037,2021,"6,3"
038,2021,"6,1"
039,2021,"5,0"
974,2021,"19,0"
040,2021,"6,8"
041,2021,"6,0"
042,2021,"7,2"
044,2021,"6,0"
045,2021,"7,0"
046,2021,"7,4"
047,2021,"7,6"
048,2021,"4,8"
049,2021,"6,5"
050,2021,"5,1"
051,2021,"7,1"
972,2021,"10,9"
053,2021,"4,9"
054,2021,"7,2"
055,2021,"7,3"
056,2021,"6,0"
057,2021,"7,5"
058,2021,"6,3"
059,2021,"9,4"
060,2021,"7,5"
061,2021,"6,8"
075,2021,"6,1"
062,2021,"8,4"
063,2021,"6,4"
064,2021,"5,9"
066,2021,"11,7"
069,2021,"6,7"
071,2021,"6,2"
072,2021,"7,3"
073,2021,"5,5"
077,2021,"6,9"
076,2021,"8,1"
093,2021,"10,5"
080,2021,"8,7"
081,2021,"7,7"
082,2021,"8,7"
090,2021,"8,6"
095,2021,"8,3"
094,2021,"7,4"
083,2021,"7,6"
084,2021,"9,6"
085,2021,"5,3"
086,2021,"5,9"
088,2021,"7,7"
089,2021,"6,6"
078,2021,"6,5"
001,2020,"6,1"
002,2020,"11,0"
003,2020,"8,3"
004,2020,"8,9"
006,2020,"9,0"
007,2020,"8,6"
008,2020,"9,5"
009,2020,"9,8"
010,2020,"10,1"
011,2020,"10,8"
012,2020,"6,2"
067,2020,"7,0"
013,2020,"9,4"
014,2020,"7,3"
015,2020,"4,6"
016,2020,"7,6"
017,2020,"8,0"
018,2020,"7,9"
019,2020,"6,5"
02A,2020,"6,8"
021,2020,"6,2"
022,2020,"6,9"
023,2020,"7,0"
079,2020,"5,8"
024,2020,"7,9"
025,2020,"7,3"
026,2020,"8,6"
091,2020,"6,9"
027,2020,"8,0"
028,2020,"7,2"
029,2020,"6,8"
030,2020,"10,6"
032,2020,"6,1"
033,2020,"7,6"
971,2020,"19,7"
973,2020,"20,5"
068,2020,"8,1"
02B,2020,"7,3"
031,2020,"8,3"
043,2020,"6,1"
052,2020,"7,0"
070,2020,"6,8"
074,2020,"6,7"
087,2020,"7,2"
005,2020,"7,8"
065,2020,"8,9"
092,2020,"6,8"
034,2020,"11,0"
035,2020,"6,4"
036,2020,"7,6"
037,2020,"7,0"
038,2020,"6,7"
039,2020,"5,6"
974,2020,"17,1"
040,2020,"7,5"
041,2020,"6,3"
042,2020,"7,8"
044,2020,"6,8"
045,2020,"7,3"
046,2020,"7,9"
047,2020,"7,9"
048,2020,"4,9"
049,2020,"7,3"
050,2020,"5,9"
051,2020,"7,8"
972,2020,"14,2"
053,2020,"5,5"
054,2020,"7,6"
055,2020,"7,4"
056,2020,"6,7"
057,2020,"7,9"
058,2020,"6,5"
059,2020,"9,9"
060,2020,"8,0"
061,2020,"7,3"
075,2020,"6,9"
062,2020,"9,0"
063,2020,"6,9"
064,2020,"6,6"
066,2020,"12,5"
069,2020,"7,4"
071,2020,"6,8"
072,2020,"7,9"
073,2020,"6,6"
077,2020,"7,2"
076,2020,"8,9"
093,2020,"11,1"
080,2020,"9,3"
081,2020,"8,1"
082,2020,"9,3"
090,2020,"8,8"
095,2020,"8,9"
094,2020,"7,9"
083,2020,"8,3"
084,2020,"10,3"
085,2020,"6,2"
086,2020,"6,4"
088,2020,"8,2"
089,2020,"7,0"
078,2020,"6,8"
001,2019,"6,0"
002,2019,"11,4"
003,2019,"8,7"
004,2019,"9,3"
006,2019,"8,4"
007,2019,"9,0"
008,2019,"10,0"
009,2019,"10,3"
010,2019,"10,3"
011,2019,"11,0"
012,2019,"6,3"
067,2019,"6,9"
013,2019,"9,7"
014,2019,"7,5"
015,2019,"4,8"
016,2019,"7,9"
017,2019,"8,2"
018,2019,"8,6"
019,2019,"6,6"
02A,2019,"7,5"
021,2019,"6,6"
022,2019,"7,1"
023,2019,"7,6"
079,2019,"5,9"
024,2019,"8,3"
025,2019,"7,5"
026,2019,"8,9"
091,2019,"6,5"
027,2019,"8,1"
028,2019,"7,9"
029,2019,"7,1"
030,2019,"11,2"
032,2019,"6,2"
033,2019,"7,8"
971,2019,"20,8"
973,2019,"19,6"
068,2019,"7,8"
02B,2019,"8,1"
031,2019,"7,9"
043,2019,"6,5"
052,2019,"7,1"
070,2019,"7,3"
074,2019,"6,0"
087,2019,"7,4"
005,2019,"7,8"
065,2019,"9,0"
092,2019,"6,3"
034,2019,"11,4"
035,2019,"6,3"
036,2019,"7,9"
037,2019,"7,5"
038,2019,"6,7"
039,2019,"6,0"
974,2019,"20,1"
040,2019,"7,8"
041,2019,"6,8"
042,2019,"8,2"
044,2019,"6,7"
045,2019,"8,0"
046,2019,"8,0"
047,2019,"8,2"
048,2019,"5,2"
049,2019,"7,6"
050,2019,"6,1"
051,2019,"7,7"
972,2019,"15,3"
053,2019,"5,6"
054,2019,"7,9"
055,2019,"7,5"
056,2019,"7,0"
057,2019,"8,0"
058,2019,"7,1"
059,2019,"10,7"
060,2019,"8,1"
061,2019,"7,6"
075,2019,"6,3"
062,2019,"9,9"
063,2019,"7,1"
064,2019,"6,7"
066,2019,"13,3"
069,2019,"7,4"
071,2019,"7,4"
072,2019,"8,2"
073,2019,"6,2"
077,2019,"6,8"
076,2019,"9,3"
093,2019,"10,6"
080,2019,"9,7"
081,2019,"8,6"
082,2019,"9,5"
090,2019,"8,9"
095,2019,"8,3"
094,2019,"7,3"
083,2019,"8,7"
084,2019,"10,6"
085,2019,"6,3"
086,2019,"6,6"
088,2019,"8,7"
089,2019,"7,6"
078,2019,"6,3"
