GROUPE_FORMATION;FORMATION_DIPLOME;DATE_OUVERTURE;DATE_FERMETURE;DATE_INTERVENTION;N_COMMENTAIRE
G0003;40020006;01/09/2019;;23/05/2025;
G0004;40030003;01/09/2019;;23/05/2025;
G0005;40031211;01/09/2019;;23/05/2025;
G0006;40020007;01/09/2019;;23/05/2025;
G0007;40032210;01/09/2020;;23/05/2025;
G0008;40022107;01/09/2020;;23/05/2025;
G0009;40033605;01/09/2020;;23/05/2025;
G0010;40023007;01/09/2020;;23/05/2025;
G0011;40025307;01/09/2020;;23/05/2025;
G0012;40033404;01/09/2020;;23/05/2025;
G0013;40025222;01/09/2021;;23/05/2025;
G0014;40020103;01/09/2021;;23/05/2025;
G0015;40023409;01/09/2021;;23/05/2025;
G0016;40020008;01/09/2021;;23/05/2025;
G0017;40020104;01/09/2021;;23/05/2025;
G0017;40025012;01/09/2021;;28/05/2025;
G0003;40023206;01/09/2019;;28/05/2025;
G0003;40023203;01/09/2019;;28/05/2025;
G0003;40023304;01/09/2019;;28/05/2025;
G0003;40023207;01/09/2019;;28/05/2025;
G0003;40023210;01/09/2023;;28/05/2025;
G0003;40023205;01/09/2019;;28/05/2025;
G0003;40025406;01/09/2019;;28/05/2025;
G0003;40023303;01/09/2019;;28/05/2025;
G0004;40030004;01/09/2020;;01/07/2025;
G0004;40031116;01/09/2025;;01/07/2025;
G0004;40031114;01/09/2020;;01/07/2025;
G0005;40031212;01/09/2019;;01/07/2025;
G0005;40031213;01/09/2019;;01/07/2025;
G0005;40031214;01/09/2019;;01/07/2025;
G0006;40025010;01/09/2020;;01/07/2025;
G0006;40031112;01/09/2020;;01/07/2025;
G0006;40031113;01/09/2020;;01/07/2025;
G0006;40021304;01/09/2020;;01/07/2025;
G0006;40025011;01/09/2020;;01/07/2025;
G0010;40023104;01/09/2024;;01/07/2025;
G0009;40033604;01/09/2020;;01/07/2025;
G0009;40033606;01/09/2022;;01/07/2025;
G0013;40025224;01/09/2025;;01/07/2025;
G0013;40025225;01/09/2025;;01/07/2025;
G0013;40025226;01/09/2025;;01/07/2025;
G0014;40022310;01/09/2025;;01/07/2025;
G0014;40025014;01/09/2021;;01/07/2025;
G0017;40022004;01/09/2021;;02/07/2025;
G0003;40023102;01/09/2019;31/08/2025;02/07/2025;
G0004;40031106;01/09/2019;31/08/2027;02/07/2025;
G0014;40025013;01/09/2021;;01/07/2025;
G0016;40025520;01/09/2024;;01/07/2025;
G0016;40025519;01/09/2023;;01/07/2025;
G0016;40022706;01/09/2021;;01/07/2025;
G0016;40022707;01/09/2021;;01/07/2025;
G0016;40025517;01/09/2021;;01/07/2025;
G0018;40024303;01/09/2016;;01/07/2025;
G0018;40024304;01/09/2016;;01/07/2025;
G0019;40024004;01/09/2021;;01/07/2025;
G0019;40024005;01/09/2021;;01/07/2025;
G0019;40024006;01/09/2021;;01/07/2025;
G0020;40022307;01/09/2021;;01/07/2025;
G0020;40022308;01/09/2021;;01/07/2025;
G0020;40022309;01/09/2021;;01/07/2025;
G0021;32022310;01/09/2001;;01/07/2025;
G0021;32022311;01/09/2001;;01/07/2025;
G0021;32022312;01/09/2001;;01/07/2025;
G0022;32022316;01/09/2016;;01/07/2025;
G0022;32022317;01/09/2016;;01/07/2025;
G0022;32022318;01/09/2016;;01/07/2025;
G0023;32032209;01/09/2017;;01/07/2025;
G0023;32032210;01/09/2017;;01/07/2025;
G0023;32032211;01/09/2017;;01/07/2025;
G0024;32033422;01/09/2018;;01/07/2025;
G0024;32033423;01/09/2018;;01/07/2025;
G0024;32033424;01/09/2018;;01/07/2025;
G0024;32033425;01/09/2018;;01/07/2025;
G0025;32033608;01/09/2023;;01/07/2025;
G0025;32033609;01/09/2023;;01/07/2025;
G0025;32033610;01/09/2023;;01/07/2025;
G0025;32033611;01/09/2023;;01/07/2025;
G0026;32032612;01/09/2020;;01/07/2025;
G0026;32032613;01/09/2021;;01/07/2025;
G0026;32032614;01/09/2021;;01/07/2025;
G0027;40032303;01/09/2016;;02/07/2025;
G0027;40023003;01/09/2016;;02/07/2025;
G0027;40022403;01/09/2016;;02/07/2025;
G0027;40024202;27/09/2016;;02/07/2025;
G0027;40022402;01/09/2016;;02/07/2025;
G0027;40022404;01/09/2016;;02/07/2025;
G0007;40032206;01/09/2020;;02/07/2025;
G0007;40032207;01/09/2020;;02/07/2025;
G0007;40032208;01/09/2020;;02/07/2025;
G0008;40022104;01/09/2020;;02/07/2025;
G0008;40022105;01/09/2020;;02/07/2025;
G0008;40031209;01/09/2020;;02/07/2025;
G0009;40033603;01/09/2020;31/08/2024;02/07/2025;
G0010;40023004;01/09/2020;;02/07/2025;
G0010;40023005;01/09/2020;;02/07/2025;
G0010;40023103;01/09/2020;31/08/2026;02/07/2025;
G0011;40025302;01/09/2020;;02/07/2025;
G0011;40025304;01/09/2020;;02/07/2025;
G0011;40025303;01/09/2020;;02/07/2025;
G0011;40025305;01/09/2020;;02/07/2025;
G0012;40033403;01/09/2020;;02/07/2025;
G0012;40022106;01/09/2020;;02/07/2025;
G0013;40025214;01/09/2021;31/08/2028;02/07/2025;
G0017;40023406;01/09/2021;;02/07/2025;
G0013;40025219;01/09/2021;;02/07/2025;
G0013;40025220;01/09/2021;;02/07/2025;
G0013;40025221;01/09/2021;;02/07/2025;
G0013;40025215;01/09/2021;31/08/2028;02/07/2025;
G0013;40025216;01/09/2021;31/08/2028;02/07/2025;
G0014;40022303;01/09/2021;31/08/2027;02/07/2025;
G0014;40025006;01/09/2021;;02/07/2025;
G0014;40025411;01/09/2021;;02/07/2025;
G0014;40025108;01/09/2021;;02/07/2025;
G0014;40022302;01/09/2021;;02/07/2025;
G0015;40023408;01/09/2021;;02/07/2025;
G0015;40023407;01/09/2021;;02/07/2025;
G0015;40023405;01/09/2021;;02/07/2025;
G0016;40025510;01/09/2021;31/08/2025;02/07/2025;
G0016;40025513;01/09/2021;31/08/2025;02/07/2025;
G0016;40025514;01/09/2021;31/08/2025;02/07/2025;
G0016;40025515;01/09/2021;31/08/2025;02/07/2025;
G0017;40020102;01/09/2021;;02/07/2025;
G0018;40024301;01/09/2016;;02/07/2025;
G0018;40024302;01/09/2016;;02/07/2025;
G0028;40321114;01/09/2019;;23/07/2025;
G0028;40321112;01/09/2016;;23/07/2025;
G0028;40321210;01/09/2011;31/08/2025;23/07/2025;
G0029;40322108;01/09/2021;;23/07/2025;
G0029;40321407;01/09/2020;;23/07/2025;
G0029;40321203;01/09/2000;;23/07/2025;
G0029;40322103;01/09/2009;;23/07/2025;
G0030;40322105;01/09/2021;;23/07/2025;
G0030;40322104;01/09/2009;;23/07/2025;
G0030;40022005;01/09/2024;;23/07/2025;
G0031;40321405;01/09/2010;;23/07/2025;
G0031;40321303;01/09/2011;;23/07/2025;
G0031;40321302;01/09/2010;;23/07/2025;
G0031;40321404;01/09/2009;;23/07/2025;
G0028;40321001;01/09/2000;;23/07/2025;
G0028;40321211;01/09/2011;;23/07/2025;
G0028;40321004;01/09/2017;;23/07/2025;
G0028;40321113;01/09/2017;;23/07/2025;
G0028;40321214;01/09/2024;;23/07/2025;
G0028;40321213;01/09/2023;;23/07/2025;
G0025;32033603;01/09/2013;31/08/2024;20/08/2025;
G0025;32033604;01/09/2013;31/08/2024;20/08/2025;
G0025;32033605;01/09/2013;31/08/2024;20/08/2025;
G0025;32033606;01/09/2013;31/08/2023;20/08/2025;
